{"cameraMode":{"drawMode":0,"name":"Shaded","section":"Shading Mode"},"sceneLighting":true,"audioPlay":false,"sceneViewState":{"m_AlwaysRefresh":false,"showFog":false,"showSkybox":true,"showFlares":true,"showImageEffects":true,"showParticleSystems":true,"showVisualEffectGraphs":true,"m_FxEnabled":false},"in2DMode":false,"pivot":{"x":0.08079861849546433,"y":0.0441739559173584,"z":0.7646574974060059},"rotation":{"x":0.0002375767071498558,"y":-0.9641743898391724,"z":0.26528671383857729,"w":0.0008660261519253254},"size":2.602782726287842,"orthographic":false}